,mu_x,var_x
0,-0.51426762342453,0.0035100108943879604
1,-0.823244035243988,0.0036589938681572676
2,-2.3062398433685303,0.010797633789479733
3,0.07149649411439896,0.0021150342654436827
4,1.5321768522262573,0.008705822750926018
5,-0.5255400538444519,0.004675172735005617
6,0.04496382921934128,0.004052688833326101
7,0.7725954055786133,0.0019863469060510397
8,1.3697577714920044,0.002125827129930258
9,2.305558919906616,0.01144173089414835
10,-0.11381488293409348,0.0028551865834742785
11,0.574593186378479,0.0034069675020873547
12,2.4418656826019287,0.006659337319433689
13,2.4332826137542725,0.01785069704055786
14,0.34327414631843567,0.0032363964710384607
15,-0.685198962688446,0.0036736661568284035
16,0.6387478709220886,0.0024017994292080402
17,1.3575527667999268,0.003321030642837286
18,-1.2197266817092896,0.0031658727675676346
19,1.4860824346542358,0.0040311869233846664
20,-1.4237529039382935,0.00558317918330431
21,-1.630886197090149,0.004412537906318903
22,-2.4760282039642334,0.010518752969801426
23,-0.8611010909080505,0.003107576398178935
24,-1.0047286748886108,0.003790666349232197
25,1.2342969179153442,0.002544534159824252
26,-1.689264178276062,0.004790439270436764
27,-1.839445948600769,0.006879993248730898
28,1.3045998811721802,0.0037829293869435787
29,-2.350847005844116,0.010798863135278225
30,2.3000476360321045,0.007678291294723749
31,-1.3407427072525024,0.003426396520808339
32,-0.15334823727607727,0.004342525731772184
33,1.9689334630966187,0.005063892342150211
34,2.4247000217437744,0.017066897824406624
35,2.1570775508880615,0.008932247757911682
36,1.5470051765441895,0.0061064111068844795
37,-3.1521756649017334,0.008321646600961685
38,-0.8875135779380798,0.0028197411447763443
39,0.2951290011405945,0.008145246654748917
40,-2.0246756076812744,0.008711235597729683
41,-0.854576051235199,0.00624804524704814
42,1.8068925142288208,0.006936008110642433
43,-0.9597451090812683,0.003316303715109825
44,-1.4865316152572632,0.0034094920847564936
45,0.897678554058075,0.0016306049656122923
46,-3.1482136249542236,0.004752384498715401
47,3.917569875717163,0.008083040826022625
48,-0.5942274928092957,0.0036784287076443434
49,-0.6085383296012878,0.0025160841178148985
50,-2.149193286895752,0.007140783593058586
51,3.23058819770813,0.007440397050231695
52,-1.1868051290512085,0.003492390038445592
53,-2.313084840774536,0.010301333852112293
54,0.2466992735862732,0.006119424477219582
55,0.67521733045578,0.0017394950846210122
56,0.9621790051460266,0.0022603613324463367
57,1.531991720199585,0.003910130821168423
58,-2.282723903656006,0.009035973809659481
59,1.6827538013458252,0.0027294703759253025
60,-0.2519765794277191,0.0028860883321613073
61,0.2549158036708832,0.0021353750489652157
62,-2.235013723373413,0.008187188766896725
63,1.2171403169631958,0.0024584829807281494
64,-1.8459025621414185,0.007734888698905706
65,-3.317126750946045,0.003794812597334385
66,-1.976378321647644,0.011662343516945839
67,1.9834507703781128,0.005470818839967251
68,0.2770766019821167,0.0027383381966501474
69,3.009047746658325,0.010051355697214603
70,2.0065767765045166,0.004652057308703661
71,1.6682252883911133,0.004246413707733154
72,0.014799393713474274,0.0033230737317353487
73,-0.9691655039787292,0.003275193041190505
74,-0.21253415942192078,0.0036301459185779095
75,-0.12529483437538147,0.002489130711182952
76,-0.34739986062049866,0.0025211817119270563
77,2.955707311630249,0.009320938028395176
78,-0.8546311259269714,0.005380615592002869
79,-0.5898436903953552,0.004451905842870474
80,-1.1172033548355103,0.003987564705312252
81,-1.0897961854934692,0.00452038599178195
82,1.003929615020752,0.0026362035423517227
83,-2.088212251663208,0.010086883790791035
84,2.7739505767822266,0.012467989698052406
85,-0.22200152277946472,0.004848569165915251
86,0.7779141068458557,0.0056699225679039955
87,-2.7337565422058105,0.005834564100950956
88,-0.022174857556819916,0.003031231462955475
89,-1.0901936292648315,0.004345915745943785
90,0.14963093400001526,0.004026656039059162
91,-1.5169576406478882,0.008532225154340267
92,-1.1535242795944214,0.004374386742711067
93,1.0168739557266235,0.002254210412502289
94,-1.66977059841156,0.004554452374577522
95,-1.1423147916793823,0.0034079325851053
96,3.2671079635620117,0.008090779185295105
97,1.288724422454834,0.002671434311196208
98,2.992274522781372,0.009025338105857372
99,-0.25214043259620667,0.006390838883817196
100,-1.365315318107605,0.007530183531343937
101,-2.2458724975585938,0.009299634955823421
102,2.1560614109039307,0.0070279426872730255
103,-1.4763559103012085,0.004101322963833809
104,-1.8641778230667114,0.008779059164226055
105,3.004720687866211,0.014603513292968273
106,0.47442418336868286,0.0030190693214535713
107,-0.9272889494895935,0.003253952832892537
108,0.2737671136856079,0.0028709075413644314
109,-0.10606447607278824,0.0032045741099864244
110,-0.0998145118355751,0.002706904197111726
111,0.9327638149261475,0.002317402744665742
112,0.5268571376800537,0.0024423350114375353
113,-1.6993688344955444,0.005392547696828842
114,1.703835368156433,0.0041209254413843155
115,-0.012291230261325836,0.003861573990434408
116,-1.3028100728988647,0.004472105298191309
117,-1.2887827157974243,0.007053499110043049
118,0.4304530918598175,0.0037270227912813425
119,0.6266193389892578,0.0032712959218770266
120,0.19813272356987,0.0025804946199059486
121,1.6531444787979126,0.0031048967503011227
122,2.8142478466033936,0.00857977569103241
123,0.09247846156358719,0.0030714012682437897
124,0.5080124735832214,0.0017689585220068693
125,2.034647226333618,0.004378600977361202
126,-1.8666354417800903,0.006559997331351042
127,-2.0915281772613525,0.007453419268131256
128,-0.055435411632061005,0.003407497890293598
129,2.7092318534851074,0.010056697763502598
130,-0.891082227230072,0.003940792754292488
131,-3.5261502265930176,0.003175335703417659
132,-2.6426925659179688,0.007099796552211046
133,-1.7375580072402954,0.0064910766668617725
134,-1.515025019645691,0.0038427768740803003
135,0.7776955366134644,0.003434245940297842
136,-1.168049931526184,0.004445274826139212
137,3.5734829902648926,0.0094910254701972
138,1.9828126430511475,0.007707846816629171
139,0.6257725954055786,0.002486618934199214
140,1.9243508577346802,0.0039595612324774265
141,2.7297072410583496,0.0109203876927495
142,1.2420437335968018,0.002217955654487014
143,-1.381398320198059,0.004725649952888489
144,0.2552775740623474,0.0038093994371593
145,0.9372007846832275,0.0028190873563289642
146,1.991142749786377,0.0075564137659966946
147,-0.9320005774497986,0.003940293565392494
148,1.378068447113037,0.0035088600125163794
149,0.08519772440195084,0.0031649412121623755
150,-0.9419800639152527,0.0034455296117812395
151,1.1506774425506592,0.002256623236462474
152,-0.7051302790641785,0.002645819680765271
153,-0.9383408427238464,0.002732574474066496
154,-3.403759479522705,0.004176260903477669
155,1.1671086549758911,0.0023948089219629765
156,-2.3295092582702637,0.007147165015339851
157,0.16084790229797363,0.003198268823325634
158,-3.0179190635681152,0.006514433305710554
159,1.0280063152313232,0.0023804015945643187
160,-2.2701523303985596,0.011207678355276585
161,-2.355506658554077,0.00997549295425415
162,0.9744608402252197,0.0022673839703202248
163,1.2699929475784302,0.002880050800740719
164,1.9696484804153442,0.006113309878855944
165,0.8573465347290039,0.0023176735267043114
166,0.1961565911769867,0.002350790658965707
167,-1.2480710744857788,0.0038486153353005648
168,2.236945629119873,0.015747681260108948
169,1.8246428966522217,0.0043405755423009396
170,1.1769590377807617,0.0025530161801725626
171,-2.38977313041687,0.007961968891322613
172,1.254030466079712,0.00316097354516387
173,0.18516862392425537,0.004060186445713043
174,0.9413154721260071,0.004909394774585962
175,0.32153141498565674,0.004004161339253187
176,-1.4122258424758911,0.004093938507139683
177,-0.325587660074234,0.0055983164347708225
178,1.1245688199996948,0.0018871770007535815
179,-0.21168482303619385,0.0031496724113821983
180,0.7140172719955444,0.0038750353269279003
181,0.07099778205156326,0.004925939720124006
182,-2.975029230117798,0.004221122711896896
183,-1.4983597993850708,0.0044529736042022705
184,-0.7273282408714294,0.0027411903720349073
185,1.8309706449508667,0.004014472011476755
186,-0.8665310740470886,0.0032846645917743444
187,-3.40667986869812,0.004530699457973242
188,-1.176033616065979,0.003547497559338808
189,1.4060641527175903,0.0029288942459970713
190,1.2165050506591797,0.0036429616156965494
191,1.9062728881835938,0.00496891513466835
192,-0.40818801522254944,0.007978598587214947
193,-1.0000873804092407,0.003290983382612467
194,-1.1201919317245483,0.004026457201689482
195,-0.529927670955658,0.0032932732719928026
196,-2.011772632598877,0.0048041860572993755
197,-0.7860574126243591,0.002654100302606821
198,-0.5504710078239441,0.00411194609478116
199,2.6430726051330566,0.008012230508029461
200,1.2074699401855469,0.002559508429840207
201,3.1924691200256348,0.00917874276638031
202,-1.9537841081619263,0.007946770638227463
203,1.593286395072937,0.00368035351857543
204,-2.3090317249298096,0.0073954020626842976
205,-1.943360686302185,0.0072475820779800415
206,0.21124064922332764,0.0033451691269874573
207,-1.1543124914169312,0.003498341655358672
208,-0.15920698642730713,0.004966644570231438
209,0.29030513763427734,0.002265389310196042
210,-2.9435133934020996,0.006002460140734911
211,-0.7941150069236755,0.005703028291463852
212,-1.6949273347854614,0.0044082337990403175
213,-3.0108566284179688,0.004754544235765934
214,3.038350820541382,0.011600892059504986
215,-1.36349356174469,0.007683738600462675
216,-1.9927128553390503,0.010862278752028942
217,-1.92019522190094,0.007201722823083401
218,-1.179275631904602,0.006758975330740213
219,-1.0372837781906128,0.0037055076099932194
220,-0.3197735548019409,0.0032418090850114822
221,0.8593209385871887,0.004218944348394871
222,-2.896162509918213,0.006136299576610327
223,-0.08849481493234634,0.0031762518920004368
224,3.445101022720337,0.009252574294805527
225,-1.4546750783920288,0.003580821445211768
226,-0.25326237082481384,0.004195881076157093
227,-1.773823618888855,0.005787817761301994
228,1.2272847890853882,0.00236718961969018
229,-0.7578360438346863,0.0024709911085665226
230,-0.9498917460441589,0.003435585182160139
231,-0.19364115595817566,0.0028889880049973726
232,1.950272560119629,0.0049400655552744865
233,-2.743602752685547,0.0065610078163445
234,1.5895804166793823,0.003453669371083379
235,0.38629665970802307,0.0035069931764155626
236,0.74563068151474,0.002273105550557375
237,1.276757836341858,0.0038294275291264057
238,-1.0047062635421753,0.0033604975324124098
239,2.7074294090270996,0.012692763470113277
240,-0.4336685240268707,0.0023382173385471106
241,-3.3239946365356445,0.004222111310809851
242,1.9361287355422974,0.0041046482510864735
243,-2.9604532718658447,0.006166322156786919
244,-0.4265080988407135,0.0035525383427739143
245,-0.44846311211586,0.0029537833761423826
246,-1.7888532876968384,0.009411958046257496
247,-0.3066043555736542,0.00247887521982193
248,0.4488409161567688,0.0033133956603705883
249,2.636286973953247,0.012401263229548931
250,-0.07130879908800125,0.002309681847691536
251,-0.8099204897880554,0.0028398409485816956
252,-1.0124107599258423,0.002694804221391678
253,-1.956032633781433,0.0074711875058710575
254,0.9919350743293762,0.0019296151585876942
255,1.223599910736084,0.002216999651864171
256,-0.8785850405693054,0.0026262083556503057
257,-1.8131662607192993,0.0068981037475168705
258,3.420789957046509,0.008769935928285122
259,-1.4067569971084595,0.004110421985387802
260,-0.8230277895927429,0.004933966789394617
261,-1.2137302160263062,0.004138664808124304
262,-0.9513804316520691,0.005518981255590916
263,2.298107147216797,0.008801627904176712
264,1.5447126626968384,0.006277863401919603
265,1.2686022520065308,0.0033008684404194355
266,2.1881749629974365,0.005671523977071047
267,2.0673558712005615,0.004923067521303892
268,1.9838621616363525,0.004749615676701069
269,-2.4509496688842773,0.009666337631642818
270,0.632318913936615,0.004996633157134056
271,-0.02949700504541397,0.0027189573738723993
272,-1.8648356199264526,0.0069908094592392445
273,-1.60342276096344,0.00437967199832201
274,0.31443315744400024,0.002818460576236248
275,-2.0982236862182617,0.008115570060908794
276,-1.8379510641098022,0.006609274074435234
277,1.64811372756958,0.0039063068106770515
278,-1.0951772928237915,0.005652027670294046
279,-2.808837413787842,0.00841926783323288
280,-0.019564487040042877,0.002612099051475525
281,0.9715240597724915,0.0023073453921824694
282,0.744312584400177,0.0027698520570993423
283,1.1079829931259155,0.0028173872269690037
284,1.4958940744400024,0.0027938319835811853
285,3.0133514404296875,0.012884041294455528
286,-0.13843151926994324,0.003708330448716879
287,-1.8218358755111694,0.008229591883718967
288,1.8637611865997314,0.003749096067622304
289,2.2330572605133057,0.007121386006474495
290,0.8276910185813904,0.004233701154589653
291,-1.3557063341140747,0.0035942571703344584
292,0.9934041500091553,0.0024486836045980453
293,-0.038242049515247345,0.0036668777465820312
294,-2.3321657180786133,0.00788101926445961
295,0.48396849632263184,0.002530882600694895
296,1.2142826318740845,0.0026076447684317827
297,1.0582324266433716,0.005036451853811741
298,1.2075878381729126,0.0063521345146000385
299,-0.7598516345024109,0.0030634317081421614
300,1.7890914678573608,0.004752655513584614
301,0.5056468844413757,0.0036729476414620876
302,1.0109232664108276,0.005239162594079971
303,0.7240761518478394,0.017451077699661255
304,-2.380228042602539,0.00875023938715458
305,-1.6115845441818237,0.009907037019729614
306,1.2277148962020874,0.005629934370517731
307,0.37725821137428284,0.019992757588624954
308,1.0892802476882935,0.03705047443509102
309,-1.871620774269104,0.018089555203914642
310,-1.0906139612197876,0.009526395238935947
311,1.0747400522232056,0.0028918066527694464
312,-2.2528908252716064,0.014053494669497013
313,-1.228967308998108,0.00405613100156188
314,-1.3370610475540161,0.004313424229621887
315,-1.8440864086151123,0.014385814778506756
316,-0.012505747377872467,0.022667592391371727
317,-1.1803008317947388,0.009026611223816872
318,1.5319839715957642,0.0028362167067825794
319,-1.1644047498703003,0.004076824989169836
320,-1.8848992586135864,0.013801547698676586
321,2.0942134857177734,0.0063745626248419285
322,0.6744394302368164,0.006129104644060135
323,1.1880078315734863,0.0028847199864685535
324,1.112962245941162,0.00285544921644032
325,0.4663304388523102,0.0031658983789384365
326,0.528975784778595,0.013888931833207607
327,1.5067806243896484,0.014738529920578003
328,1.4692312479019165,0.003887734841555357
329,-1.4270895719528198,0.00877344235777855
330,-1.8369933366775513,0.026513678953051567
331,-0.6247784495353699,0.013712196610867977
332,-1.2408863306045532,0.00650716433301568
333,-1.6494485139846802,0.016124065965414047
334,1.899284839630127,0.027207931503653526
335,-0.9832572340965271,0.003601984353736043
336,-0.9096342921257019,0.005832345224916935
337,-1.279381513595581,0.02208651602268219
338,-1.3493839502334595,0.04101745784282684
339,-0.40612784028053284,0.012944209389388561
340,2.2314507961273193,0.006059642415493727
341,-1.2246943712234497,0.0036508021876215935
342,-1.3076218366622925,0.003984692972153425
343,-2.359067916870117,0.010470992885529995
344,2.4952452182769775,0.010616571642458439
345,0.06118623912334442,0.020001467317342758
346,-1.3547476530075073,0.010297747328877449
347,-0.6052631735801697,0.005186519119888544
348,1.74091374874115,0.0034027518704533577
349,1.9408479928970337,0.015275172889232635
350,0.1462990939617157,0.00440955301746726
351,-1.5195800065994263,0.004779938608407974
352,-0.1848309338092804,0.006186387501657009
353,0.5419099926948547,0.014639878645539284
354,1.2053111791610718,0.005139229353517294
355,0.9925636649131775,0.0056735980324447155
356,-1.0419116020202637,0.02218582108616829
357,-0.2561855614185333,0.2390318065881729
358,-1.22236168384552,0.0030713253654539585
359,-0.6319455504417419,0.008528867736458778
360,0.49544984102249146,0.0074339560233056545
361,-1.8292549848556519,0.015991125255823135
362,-1.9748274087905884,0.015087790787220001
363,-1.4359146356582642,0.032528817653656006
364,-1.237666130065918,0.023887045681476593
365,-1.9225987195968628,0.007627669721841812
366,0.00906544178724289,0.005627857055515051
367,-1.3453401327133179,0.0034846370108425617
368,-1.8374227285385132,0.0160688403993845
369,1.7006510496139526,0.003960699774324894
370,2.0767252445220947,0.00796128436923027
371,1.8451035022735596,0.010895613580942154
372,-1.314735770225525,0.0050958627834916115
373,-1.0648491382598877,0.04256301000714302
374,-1.9673033952713013,0.007087982725352049
375,2.3104660511016846,0.009202954359352589
376,-0.9485415816307068,0.026928948238492012
377,-2.042879343032837,0.005518181249499321
378,-0.17251098155975342,0.006107529159635305
379,1.9749791622161865,0.0035476291086524725
380,2.1304759979248047,0.016662776470184326
381,0.03662639856338501,0.011587200686335564
382,0.5014048218727112,0.009600807912647724
383,1.0294928550720215,0.029534367844462395
384,-0.18421965837478638,0.007372845429927111
385,-1.2852181196212769,0.007462592329829931
386,-0.05159998685121536,0.02104560099542141
387,-2.239968776702881,0.010619094595313072
388,-0.2652832567691803,0.005694443825632334
389,2.0821964740753174,0.018587995320558548
390,-0.23852792382240295,0.039815112948417664
391,-2.369281530380249,0.007347047328948975
392,0.6084596514701843,0.0029477295465767384
393,2.3885271549224854,0.008677469566464424
394,0.183290034532547,0.0034332473296672106
395,-0.9677438139915466,0.007987006567418575
396,2.140561580657959,0.005306336097419262
397,-1.7576383352279663,0.014022034592926502
398,0.8166971206665039,0.0023926214780658484
399,1.0785906314849854,0.004560182802379131
400,0.04053337872028351,0.00633293017745018
401,-1.2580598592758179,0.003587775630876422
402,-1.4623204469680786,0.006760597229003906
403,1.9566733837127686,0.008275426924228668
404,-1.054930329322815,0.004217986948788166
405,-0.02341417223215103,0.004693196155130863
406,2.157132387161255,0.010940608568489552
407,1.8746013641357422,0.015442685224115849
408,-0.6031247973442078,0.003293088171631098
409,0.5443122386932373,0.0032032961025834084
410,2.343273162841797,0.01424166839569807
411,-2.0017855167388916,0.009395105764269829
412,1.2995721101760864,0.002850524615496397
413,-0.5900477766990662,0.0036588895600289106
414,-2.1355926990509033,0.012050118297338486
415,0.610823392868042,0.006129294168204069
416,1.0120874643325806,0.00281532877124846
417,-2.1306216716766357,0.007104041986167431
418,0.6516179442405701,0.0022850478999316692
419,-0.8339750170707703,0.0036897105164825916
420,1.1797101497650146,0.019615789875388145
421,-1.9128340482711792,0.01724386028945446
422,-2.2114243507385254,0.010960581712424755
423,-1.7748154401779175,0.008478839881718159
424,-2.0299363136291504,0.010243358090519905
425,-0.18603670597076416,0.006812638137489557
426,0.01090773195028305,0.004864796064794064
427,-1.8883575201034546,0.011987426318228245
428,-0.0082927867770195,0.005583423189818859
429,-1.903878092765808,0.009388312697410583
430,1.901362419128418,0.003654079046100378
431,-1.0390228033065796,0.006295488681644201
432,0.27210333943367004,0.004379370249807835
433,-1.7331486940383911,0.009482924826443195
434,0.027815937995910645,0.008509185165166855
435,-0.29101458191871643,0.005350964609533548
436,-2.1594226360321045,0.008594566956162453
437,-2.2995076179504395,0.009812012314796448
438,-1.6312881708145142,0.00830601342022419
439,1.9845629930496216,0.009500285610556602
440,-0.014835275709629059,0.004418674390763044
441,1.7618948221206665,0.0037674573250114918
442,-0.997677743434906,0.00584966316819191
443,0.1042703166604042,0.010588018223643303
444,-2.068553924560547,0.0067723761312663555
445,-1.3613299131393433,0.00546428794041276
446,1.9527463912963867,0.005213684402406216
447,1.3862282037734985,0.006073690950870514
448,1.6867269277572632,0.0027631495613604784
449,-0.685495913028717,0.01247252244502306
450,-1.9632667303085327,0.012983880005776882
451,1.4585286378860474,0.002805098658427596
452,-0.7677456736564636,0.0053118071518838406
453,1.4293252229690552,0.008488849736750126
454,0.05186104029417038,0.005034399218857288
455,0.017529040575027466,0.012591224163770676
456,0.8882650136947632,0.005121699534356594
457,-1.1977192163467407,0.005309465806931257
458,0.8316884636878967,0.003127082483842969
459,0.005731351673603058,0.007520313374698162
460,0.01899506151676178,0.007463631220161915
461,-1.5567792654037476,0.02366994507610798
462,-0.06991022080183029,0.00824030302464962
463,-1.3106640577316284,0.01379796676337719
464,0.18643689155578613,0.006989271380007267
465,-0.12947359681129456,0.005414997227489948
466,-1.7233315706253052,0.004325130023062229
467,0.18369987607002258,0.006215102504938841
468,0.4521839916706085,0.0073309424333274364
469,0.04368855804204941,0.012954626232385635
470,-1.064041018486023,0.002583103720098734
471,-0.08038695901632309,0.022098412737250328
472,-0.052174754440784454,0.01034536026418209
473,-2.3145837783813477,0.009335801936686039
474,1.7222871780395508,0.004144295584410429
475,-1.6072036027908325,0.004861796274781227
476,-2.016040563583374,0.00566420704126358
477,0.32784536480903625,0.008259942755103111
478,-0.9204272627830505,0.0025730214547365904
479,2.1348671913146973,0.008801614865660667
480,-2.2283096313476562,0.012809602543711662
481,0.06934470683336258,0.006905210204422474
482,0.8480159640312195,0.0035581616684794426
483,0.02711860090494156,0.005926906131207943
484,-0.01495397835969925,0.0065514883026480675
485,0.035454630851745605,0.005660830996930599
486,0.6711403727531433,0.0035823697689920664
487,0.5000737905502319,0.0035395666491240263
488,0.0004830658435821533,0.009435504674911499
489,-1.9093767404556274,0.009424007497727871
490,-0.4035610258579254,0.005019727628678083
491,0.0031263604760169983,0.011580797843635082
492,1.8980153799057007,0.011247921735048294
493,0.0334416925907135,0.005494293756783009
494,-2.0824027061462402,0.014003329910337925
495,-0.6659297347068787,0.004279628861695528
496,-1.4535561800003052,0.006485131569206715
497,-1.4956640005111694,0.007915531285107136
498,-1.9984403848648071,0.011913245543837547
499,1.1163644790649414,0.004609310999512672
500,0.06948337703943253,0.02811412699520588
501,-0.6266044974327087,0.00282372091896832
502,-0.7517353892326355,0.004694933537393808
503,1.4539794921875,0.005343294702470303
504,0.7669830918312073,0.002722591394558549
505,0.08480723947286606,0.01601816900074482
506,-2.1446683406829834,0.010108509100973606
507,-1.2228437662124634,0.005052974447607994
508,1.0199233293533325,0.0027127598877996206
509,-1.3433128595352173,0.007881307043135166
510,0.7101722955703735,0.019279824569821358
511,-0.979433000087738,0.0029327638912945986
512,2.223799228668213,0.008955450728535652
513,-2.292635440826416,0.009909062646329403
514,-2.1513681411743164,0.008343900553882122
515,-0.7919692397117615,0.00242222985252738
516,0.7500040531158447,0.003897491842508316
517,-1.5797184705734253,0.004273707512766123
518,0.8752318620681763,0.002580498345196247
519,1.8307545185089111,0.013963688164949417
520,-0.486706405878067,0.00325249251909554
521,-1.4895809888839722,0.007985562086105347
522,0.11002316325902939,0.00806682649999857
523,0.4273264408111572,0.005452617537230253
524,-1.3533397912979126,0.00508679635822773
525,-0.8511855006217957,0.004469412378966808
526,-1.0282140970230103,0.0042582484893500805
527,-2.275305986404419,0.011449707671999931
528,-1.1584829092025757,0.004758542403578758
529,0.8272258043289185,0.005351422820240259
530,-1.2813178300857544,0.00667282659560442
531,1.838678002357483,0.0050993976183235645
532,-1.6927717924118042,0.016650622710585594
533,-1.5492523908615112,0.00787926372140646
534,-1.4525014162063599,0.02528664469718933
535,2.006866693496704,0.008451065979897976
536,-1.9562863111495972,0.005615272559225559
537,2.0194056034088135,0.012082122266292572
538,-2.006408929824829,0.00719189178198576
539,0.9050588607788086,0.002272595651447773
540,-1.9486685991287231,0.00484568253159523
541,0.3471328914165497,0.023122631013393402
542,0.6906666159629822,0.004537325818091631
543,-0.31390395760536194,0.004684430081397295
544,-1.9134594202041626,0.005697997286915779
545,0.03612933307886124,0.014245053753256798
546,-0.502264678478241,0.0044371504336595535
547,-1.1445297002792358,0.004705863073468208
548,0.2535482347011566,0.015449928119778633
549,-1.4893189668655396,0.00791081041097641
550,-1.3172119855880737,0.006609242409467697
551,-1.7346493005752563,0.010334618389606476
552,-1.5077921152114868,0.023241696879267693
553,-0.1838763952255249,0.005836595315486193
554,-1.4988821744918823,0.0036002497654408216
555,0.6705234050750732,0.016222329810261726
556,-0.4829651415348053,0.004626926500350237
557,0.041929714381694794,0.007877545431256294
558,0.5230038166046143,0.0032698698341846466
559,-0.8439571261405945,0.00455700745806098
560,-1.0620685815811157,0.005640166811645031
561,0.24028092622756958,0.0038689174689352512
562,-1.8330210447311401,0.0095076784491539
563,0.7873274683952332,0.0031295802909880877
564,-0.8451871275901794,0.002420103410258889
565,-1.8318558931350708,0.005621662829071283
566,-0.5620092749595642,0.004645500332117081
567,0.38709092140197754,0.0030629097018390894
568,-0.7508313059806824,0.0044031087309122086
569,-0.06204218417406082,0.010078249499201775
570,-1.3588985204696655,0.014475343748927116
571,1.0630111694335938,0.00392497144639492
572,0.3095361292362213,0.004117612726986408
573,2.003373622894287,0.009684312157332897
574,-2.083399772644043,0.014158133417367935
575,-1.889198660850525,0.00365462526679039
576,-2.005643606185913,0.006238916423171759
577,2.3723084926605225,0.008892199024558067
578,-0.4988996088504791,0.004977610893547535
579,-1.5186806917190552,0.006049211602658033
580,-1.3393672704696655,0.01190115511417389
581,-0.48394647240638733,0.007505812216550112
582,0.8750066757202148,0.002075331285595894
583,-0.5835875868797302,0.0068977754563093185
584,-1.8195949792861938,0.022785082459449768
585,0.07754270732402802,0.029706750065088272
586,-2.0155537128448486,0.0061097824946045876
587,0.5574617385864258,0.017104459926486015
588,-1.6547755002975464,0.003599415300413966
589,0.6521386504173279,0.014464512467384338
590,1.5723332166671753,0.005527827423065901
591,0.708997368812561,0.0026874279137700796
592,1.1917632818222046,0.009675005450844765
593,-0.07691401988267899,0.008704351261258125
594,1.280734896659851,0.002503731520846486
595,0.9848179221153259,0.008435217663645744
596,0.3002122640609741,0.007283550687134266
597,0.6689478158950806,0.00784902274608612
598,0.08546017855405807,0.004700598772615194
599,1.787137746810913,0.015403175726532936
600,0.4132990539073944,0.058297306299209595
601,-0.878058135509491,0.02315531298518181
602,0.5317895412445068,0.0023881096858531237
603,-1.462656855583191,0.0067556994035840034
604,0.2857416272163391,0.011426095850765705
605,1.6648014783859253,0.005387198179960251
606,-2.0006186962127686,0.013613267801702023
607,1.6037899255752563,0.004731268621981144
608,-1.4729548692703247,0.006645082030445337
609,1.036299705505371,0.010371176525950432
610,0.8172003030776978,0.002505762968212366
611,1.7126024961471558,0.0037955965381115675
612,2.2058279514312744,0.006943404674530029
613,0.9951853156089783,0.040971752256155014
614,-0.5646187663078308,0.0024830070324242115
615,0.23172006011009216,0.004663300700485706
616,-2.076195478439331,0.014893644489347935
617,0.2678374946117401,0.0053227669559419155
618,1.3978666067123413,0.02103806845843792
619,1.9108829498291016,0.014386394061148167
620,-1.046836256980896,0.018592964857816696
621,0.4940720796585083,0.01772931031882763
622,1.5849072933197021,0.010276309214532375
623,-1.2142060995101929,0.01171170175075531
624,-1.005834698677063,0.008619401603937149
625,1.2887862920761108,0.0030279571656137705
626,-1.8902777433395386,0.01211442332714796
627,0.056107066571712494,0.006110724061727524
628,-2.1782114505767822,0.006294851191341877
629,-0.862729012966156,0.008018088527023792
630,-0.6856958270072937,0.005453390069305897
631,2.1628658771514893,0.0076949880458414555
632,-1.4767292737960815,0.010931900702416897
633,0.048093363642692566,0.009322195313870907
634,-0.5388683676719666,0.007097173016518354
635,-0.5005313754081726,0.021652521565556526
636,-1.2899490594863892,0.037349339574575424
637,-1.5422168970108032,0.008994710631668568
638,1.6361076831817627,0.025512563064694405
639,0.04990134388208389,0.0051118675619363785
640,-0.6675147414207458,0.007688864599913359
641,-1.746181607246399,0.0064254580065608025
642,-1.224208950996399,0.010466557927429676
643,0.18957871198654175,0.019916530698537827
644,-1.9607378244400024,0.014069254510104656
645,-0.03422146290540695,0.007062254939228296
646,0.2774161696434021,0.049534425139427185
647,0.7447224855422974,0.004403431434184313
648,1.2694752216339111,0.0033207808155566454
649,0.6141188740730286,0.03309151530265808
650,-1.8340364694595337,0.005977221764624119
651,-1.3292356729507446,0.010479324497282505
652,2.427506923675537,0.010428130626678467
653,0.29187914729118347,0.029521659016609192
654,-2.0653085708618164,0.011155892163515091
655,0.7314675450325012,0.0034108117688447237
656,-1.690895438194275,0.006657837424427271
657,-0.3919297754764557,0.007162462919950485
658,-0.3343571722507477,0.0085348105058074
659,0.8570388555526733,0.003052162006497383
660,0.46260860562324524,0.013417132198810577
661,-0.44366613030433655,0.004817521199584007
662,-0.06369335204362869,0.008710983209311962
663,-0.651479184627533,0.0038491063751280308
664,0.5085914134979248,0.008546574972569942
665,-0.6787163615226746,0.00193740741815418
666,-1.2094157934188843,0.0031333400402218103
667,1.397856593132019,0.02868073806166649
668,-0.0667891874909401,0.00539177842438221
669,-0.8858487010002136,0.003817969933152199
670,-1.7353270053863525,0.016488194465637207
671,1.0334802865982056,0.002848964184522629
672,0.6644222140312195,0.018850985914468765
673,-0.18533608317375183,0.004586588125675917
674,1.674777626991272,0.0205687265843153
675,-2.223781108856201,0.007665816694498062
676,-0.059727348387241364,0.006251057144254446
677,-0.13826391100883484,0.00834156759083271
678,1.1397947072982788,0.015146519988775253
679,-0.49018874764442444,0.0045761303044855595
680,1.400820016860962,0.0040572043508291245
681,-1.4902137517929077,0.018337203189730644
682,2.1641900539398193,0.007877040654420853
683,0.7131853699684143,0.011163612827658653
684,-0.9711877703666687,0.010397451929748058
685,-0.047640688717365265,0.005432310979813337
686,-1.4310649633407593,0.00905368011444807
687,1.1924545764923096,0.0038606624584645033
688,1.0777491331100464,0.003599314484745264
689,1.5754789113998413,0.00273462594486773
690,1.0493229627609253,0.0011879202211275697
691,0.7755431532859802,0.02308512292802334
692,-1.1408802270889282,0.0031769517809152603
693,-0.4387189447879791,0.008588999509811401
694,0.35025784373283386,0.004777056165039539
695,0.3406212627887726,0.05074601247906685
696,1.3266761302947998,0.0022226786240935326
697,-1.4168843030929565,0.008892963640391827
698,1.9973140954971313,0.012850158847868443
699,-0.014070220291614532,0.006142449099570513
700,-1.4251574277877808,0.003655234118923545
701,-1.0876511335372925,0.0026180355343967676
702,-1.1514047384262085,0.003601708449423313
703,-0.10675608366727829,0.020752103999257088
704,-0.38780346512794495,0.03961573541164398
705,0.07808872312307358,0.019019940868020058
706,0.030715584754943848,0.005667990073561668
707,-1.949865460395813,0.011719683185219765
708,-0.9468905329704285,0.003380392910912633
709,0.5540100336074829,0.0027655004523694515
710,0.050066493451595306,0.008940876461565495
711,-0.07776642590761185,0.008536342531442642
712,-0.6707611680030823,0.03219165652990341
713,0.011961191892623901,0.014573941938579082
714,0.44387853145599365,0.009035510942339897
715,-2.0502476692199707,0.01228854525834322
716,1.561489462852478,0.018518228083848953
717,1.4987379312515259,0.00779352243989706
718,2.3895797729492188,0.009410194121301174
719,0.5354915857315063,0.0022080158814787865
720,-1.1366831064224243,0.0019149979343637824
721,-0.6851820349693298,0.006054514087736607
722,-0.6453277468681335,0.003900828305631876
723,1.4500144720077515,0.02870164066553116
724,-1.6629084348678589,0.0117918336763978
725,0.593453049659729,0.003326443489640951
726,1.0402642488479614,0.02030874602496624
727,1.3760782480239868,0.02156181074678898
728,1.5494015216827393,0.0023349144030362368
729,-1.3846763372421265,0.0055717723444104195
730,0.7217392325401306,0.010585219599306583
731,-0.7991999983787537,0.09417199343442917
732,1.2067418098449707,0.002092149341478944
733,1.5190370082855225,0.02074344828724861
734,0.11242751032114029,0.014613581821322441
735,1.6180015802383423,0.0167856402695179
736,1.438158392906189,0.021338073536753654
737,-0.5190057158470154,0.06886939704418182
738,0.8396990299224854,0.012225269339978695
739,-0.33145424723625183,0.024860205128788948
740,0.2868323028087616,0.00861665140837431
741,-0.5014229416847229,0.08227410912513733
742,1.5572736263275146,0.007187621667981148
743,0.6840488314628601,0.008310052566230297
744,0.4406954050064087,0.03984742984175682
745,1.3110092878341675,0.006985725834965706
746,1.5501359701156616,0.011483506299555302
747,-0.8916119933128357,0.005115231033414602
748,-1.176925778388977,0.0038935523480176926
749,-2.0425217151641846,0.014598951674997807
750,-2.0895445346832275,0.016933782026171684
751,-1.0486823320388794,0.010040026158094406
752,0.8124013543128967,0.016630832105875015
753,0.3789537847042084,0.005089085549116135
754,1.130306363105774,0.00458083301782608
755,1.1623748540878296,0.008349591866135597
756,1.4301832914352417,0.0064420937560498714
757,-1.0246531963348389,0.03598252311348915
758,1.1496671438217163,0.00732160359621048
759,0.30783817172050476,0.0044276416301727295
760,-2.351106643676758,0.011535798199474812
761,-0.03420568257570267,0.034614015370607376
762,1.5032274723052979,0.017430804669857025
763,1.2204513549804688,0.040702905505895615
764,0.6651787161827087,0.003137592924758792
765,0.1068737730383873,0.014386693015694618
766,-0.6371708512306213,0.019225645810365677
767,2.1458475589752197,0.008528809994459152
768,-0.0029001757502555847,0.012307037599384785
769,1.754650592803955,0.013535566627979279
770,-1.3051940202713013,0.0037763400468975306
771,-1.8571748733520508,0.015897003933787346
772,0.0870099738240242,0.0074494159780442715
773,1.6462675333023071,0.002339243423193693
774,2.088184356689453,0.010300077497959137
775,1.5393728017807007,0.002594271209090948
776,-0.22657814621925354,0.023381022736430168
777,0.3087780177593231,0.004043692257255316
778,0.8646746873855591,0.002814248437061906
779,0.43282943964004517,0.0064691505394876
780,1.307397484779358,0.0021534771658480167
781,1.5400199890136719,0.0041121491231024265
782,0.6560357213020325,0.012703847140073776
783,-1.928714394569397,0.0027172721456736326
784,-0.1457144320011139,0.10960178077220917
785,0.23915335536003113,0.009712099097669125
786,0.25215402245521545,0.03855908662080765
787,-1.1805349588394165,0.0033043052535504103
788,-1.3168811798095703,0.011105592362582684
789,1.4825423955917358,0.0034033218398690224
790,0.8913804888725281,0.07752588391304016
791,2.3244311809539795,0.004817761480808258
792,0.28492143750190735,0.012250127270817757
793,1.5263251066207886,0.014091716147959232
794,-1.2264443635940552,0.004214588552713394
795,1.4019945859909058,0.004240499343723059
796,0.27123773097991943,0.01195585448294878
797,1.941057801246643,0.0020248161163181067
798,-0.7869142889976501,0.002928763162344694
799,-1.6282156705856323,0.006130218040198088
800,-0.16392114758491516,0.006049159914255142
801,-1.551326870918274,0.009172049351036549
802,0.6547524333000183,0.006559953559190035
803,-0.2663537561893463,0.008343681693077087
804,-1.242562174797058,0.0026615425013005733
805,-1.3912173509597778,0.006994597148150206
806,-0.7398533225059509,0.006472419481724501
807,-0.07542555779218674,0.0039677307941019535
808,0.002748943865299225,0.006269730627536774
809,-1.911915898323059,0.01456216350197792
810,0.6197168231010437,0.030148934572935104
811,-1.8516587018966675,0.007094323635101318
812,0.46205779910087585,0.0070084743201732635
813,-1.103568434715271,0.00773679930716753
814,1.260367512702942,0.00354754994623363
815,0.2794148027896881,0.009805910289287567
816,-0.7298006415367126,0.003643355332314968
817,-0.15164434909820557,0.01756112650036812
818,1.7883132696151733,0.002648589201271534
819,1.0615508556365967,0.018549153581261635
820,-2.223111629486084,0.013707989826798439
821,-0.5017933249473572,0.005078871734440327
822,0.4000355303287506,0.03357810899615288
823,0.0006473585963249207,0.005016140639781952
824,-2.2076644897460938,0.014837510883808136
825,-1.5571626424789429,0.024796148762106895
826,1.8665852546691895,0.012935553677380085
827,-1.9527839422225952,0.011143103241920471
828,-1.4669545888900757,0.010461236350238323
829,-0.06997958570718765,0.007527679670602083
830,1.52484130859375,0.0028312052600085735
831,-1.6847869157791138,0.025979822501540184
832,0.5031518936157227,0.06918317079544067
833,-1.2859877347946167,0.03766835108399391
834,1.5296860933303833,0.010307292453944683
835,1.9295477867126465,0.008237059228122234
836,-0.7422980666160583,0.0040253037586808205
837,1.7964624166488647,0.0028398518916219473
838,1.7404478788375854,0.004226808901876211
839,2.1386754512786865,0.004816923290491104
840,-0.8171424269676208,0.019821366295218468
841,-0.1144203171133995,0.006334339268505573
842,1.9160915613174438,0.007970663718879223
843,-1.9995828866958618,0.017388587817549706
844,0.42603451013565063,0.0232518520206213
845,1.7772732973098755,0.015335873700678349
846,-0.24036091566085815,0.006998277734965086
847,0.4670993983745575,0.0027545394841581583
848,0.2769818603992462,0.006892205681651831
849,0.07365156710147858,0.051238179206848145
850,0.1576138436794281,0.007960501126945019
851,-1.1130629777908325,0.0030055507086217403
852,-1.0268858671188354,0.0026098997332155704
853,0.3790622353553772,0.005389207508414984
854,-0.014258988201618195,0.007885579019784927
855,0.04810093343257904,0.02449442632496357
856,-0.4381197988986969,0.014313450083136559
857,0.7224013209342957,0.057627055794000626
858,-1.3391364812850952,0.0035234142560511827
859,-0.7106160521507263,0.010971076786518097
860,0.5629483461380005,0.046202901750802994
861,-1.7592636346817017,0.02909223921597004
862,-1.0443700551986694,0.009995594620704651
863,-0.03415187448263168,0.02380557172000408
864,-0.3112563192844391,0.008568095974624157
865,-0.3231401741504669,0.06251213699579239
866,0.13958916068077087,0.08289262652397156
867,-1.5164018869400024,0.006745273247361183
868,-0.5831847786903381,0.181671604514122
869,0.4267391264438629,0.003892207518219948
870,-1.3487797975540161,0.0030004545114934444
871,-1.7712727785110474,0.010050310753285885
872,-0.9269556403160095,0.009068670682609081
873,-0.5698274374008179,0.020216304808855057
874,-1.4402143955230713,0.018987862393260002
875,1.5226757526397705,0.0035150402691215277
876,-0.4153875410556793,0.005833956878632307
877,1.3990989923477173,0.020370224490761757
878,-1.4484704732894897,0.004253319464623928
879,-1.1388911008834839,0.002910403534770012
880,0.07733156532049179,0.011648678220808506
881,1.4731782674789429,0.005265851505100727
882,-0.10320398956537247,0.006366940215229988
883,-1.952555537223816,0.00938031729310751
884,-0.010426871478557587,0.007307404186576605
885,-1.2081454992294312,0.003729224903509021
886,2.276174545288086,0.006973397918045521
887,-0.07278136163949966,0.010151416063308716
888,1.3205286264419556,0.008578402921557426
889,-0.35971179604530334,0.00372180063277483
890,0.21280840039253235,0.009276971220970154
891,-0.9987043738365173,0.006179004441946745
892,2.3196980953216553,0.015658549964427948
893,1.1720679998397827,0.002758750459179282
894,0.4642724096775055,0.003432753961533308
895,2.340428590774536,0.015424392186105251
896,1.2551625967025757,0.0074223000556230545
897,1.8344470262527466,0.004466927610337734
898,-1.5435084104537964,0.009860308840870857
899,-0.504128634929657,0.003727673552930355
900,-0.02546883374452591,0.02033090777695179
901,0.26945164799690247,0.003357446752488613
902,0.7669695615768433,0.006254499312490225
903,-0.08234361559152603,0.03462361916899681
904,1.0116676092147827,0.0026567254681140184
905,-0.34541240334510803,0.004188492428511381
906,-2.052324056625366,0.015557345002889633
907,-0.18519750237464905,0.011674163863062859
908,1.0994231700897217,0.01675621047616005
909,-1.8382086753845215,0.014805912971496582
910,2.165961980819702,0.003259318647906184
911,1.4324101209640503,0.006569575984030962
912,1.2203947305679321,0.002986946376040578
913,2.2896170616149902,0.005859625991433859
914,-0.16103872656822205,0.004860803950577974
915,0.4606391191482544,0.0029592213686555624
916,-0.7526295781135559,0.01842658594250679
917,1.0783663988113403,0.004449631553143263
918,0.4661146104335785,0.006773058325052261
919,-0.4866622984409332,0.004817470908164978
920,-0.2913798391819,0.014943225309252739
921,0.14911839365959167,0.018214765936136246
922,0.42194604873657227,0.003268397646024823
923,0.3038294315338135,0.009456566534936428
924,-1.1064428091049194,0.02836020104587078
925,1.111918330192566,0.00516556529328227
926,-0.8198956847190857,0.004534423351287842
927,-1.838868260383606,0.0026072298642247915
928,-2.307299852371216,0.0036412763874977827
929,1.1296430826187134,0.002924746833741665
930,0.8676857352256775,0.0026200124993920326
931,-1.1878043413162231,0.007971810176968575
932,-1.5698167085647583,0.012481367215514183
933,-0.16181370615959167,0.011435119435191154
934,1.5945227146148682,0.003086599987000227
935,0.15716490149497986,0.008280760608613491
936,0.04259362816810608,0.00614707637578249
937,1.4435981512069702,0.028526807203888893
938,1.8414030075073242,0.008490272797644138
939,-0.050982438027858734,0.01867101900279522
940,0.3560374081134796,0.0035162516869604588
941,-0.07246527820825577,0.007040209136903286
942,0.2912225127220154,0.01350717805325985
943,1.3676451444625854,0.0024026038590818644
944,2.2301008701324463,0.0056219459511339664
945,1.4487810134887695,0.016538064926862717
946,-0.402367502450943,0.0125111173838377
947,0.7665359973907471,0.004225487820804119
948,0.9057344794273376,0.016117621213197708
949,-1.7077142000198364,0.0076489574275910854
950,-1.5245484113693237,0.008042513392865658
951,-0.02871156483888626,0.011658838018774986
952,-1.699328064918518,0.004482372663915157
953,0.3773937225341797,0.0047714486718177795
954,-1.527187466621399,0.00910570565611124
955,-1.608496069908142,0.011008699424564838
956,1.725001335144043,0.021257145330309868
957,1.1369584798812866,0.019787652418017387
958,-2.067180633544922,0.002445379737764597
959,-0.9953352808952332,0.011097747832536697
960,0.291987806558609,0.005583601538091898
961,-1.2608586549758911,0.015317082405090332
962,0.9859579801559448,0.004612658638507128
963,-0.26646938920021057,0.009817665442824364
964,-1.2864195108413696,0.008911730721592903
965,-1.1851791143417358,0.005274210125207901
966,-0.29244107007980347,0.005771950352936983
967,-1.9385510683059692,0.012201317586004734
968,-1.0005003213882446,0.004674712661653757
969,-2.1453869342803955,0.002872846554964781
970,-0.8865036368370056,0.0035024737007915974
971,0.01831909269094467,0.0072836303152143955
972,0.13609394431114197,0.6453592777252197
973,-1.3276594877243042,0.003874690504744649
974,-1.580926537513733,0.01959088072180748
975,1.3712451457977295,0.005533305462449789
976,1.2256735563278198,0.00415245583280921
977,0.8174927830696106,0.0064211259596049786
978,-0.4363137185573578,0.0014512704219669104
979,-0.5383993983268738,0.028909221291542053
980,-0.22238445281982422,0.004874483682215214
981,0.1087886393070221,0.5689505934715271
982,-1.3127000331878662,0.031072739511728287
